id,ts,input,verdict,rule_id,rule_label,is_safety_stop,escalation_reason,review_agree,review_disagree,review_should_have_escalated,review_note
c0d971cf,2026-09-29T09:38:57.211365+00:00,battery pholi hui hai,ESCALATE,BAT-003,Swollen battery,True,"Swollen battery can leak, catch fire, or explode. Stop use immediately.",,,,
8fcd7bbe,2026-09-29T09:38:57.213954+00:00,screen toot gyi hai mobile ki,CAUTION,SCR-000,Cracked screen — general inquiry,False,,,,,
64bf0f3a,2026-09-29T09:38:57.215037+00:00,battery buht jaldi khtm hori hai mobile ki,CAUTION,BAT-001,Fast battery drain,False,,,,,
396ddf34,2026-09-29T09:38:57.216817+00:00,mobile paani mai gir gya haii,CAUTION,WAT-002,Water damage — device already off,False,,,,,
1cde8cb3,2026-09-29T09:38:57.220317+00:00,mobile buht zaada garam hora hai,CAUTION,DEV-002,Phone overheating — general,False,,,,,
e71aafc9,2026-09-29T09:38:57.221991+00:00,laptop buht zada heating krra hai,CAUTION,LAP-001,Laptop overheating,False,,,,,
c2e2bc2d,2026-09-29T09:38:57.226363+00:00,mobile garam hora hai buht,CAUTION,DEV-002,Phone overheating — general,False,,,,,
f5e68648,2026-09-29T09:38:57.227496+00:00,Mera phone charge nahi ho raha aur battery phooli hui hai,ESCALATE,BAT-003,Swollen battery,True,"Swollen battery can leak, catch fire, or explode. Stop use immediately.",,,,
c5c7c5a4,2026-09-29T09:38:57.231154+00:00,screen toot gayi touch kaam nahi kar raha,CAUTION,SCR-002,Cracked screen — touch not working,False,,,,,
eba130bc,2026-09-29T09:38:57.232658+00:00,"Paani mein gira, screen toot gayi, touch kaam kar raha hai",ESCALATE,WAT-001,Water damage — device currently on,True,Powering on water-damaged device risks short-circuit damage.,,,,
fad98013,2026-09-29T09:38:57.234060+00:00,"Fell in water, dried with hairdryer, now charging",ESCALATE,WAT-003,Water damage — connected to charger,True,Charging a water-exposed device risks catastrophic motherboard short-circuit and component burn.,,,,
60f94a64,2026-09-29T09:38:57.237472+00:00,Phone fire pakad raha hai,ESCALATE,SMK-001,Smoke or burning smell,True,Smoke or burning smell indicates internal failure risk. Power off immediately.,,,,
0f5b0725,2026-09-29T09:38:57.238491+00:00,"I am frustrated, my phone hangs",CAUTION,DEV-001,Slow or hanging device,False,,,,,
01f24497,2026-09-29T09:38:57.239766+00:00,screen has purple ink spots but touch works,CAUTION,SCR-003,Screen internal damage — purple ink / lines / bleeding,False,,,,,
eb4c61c4,2026-09-29T09:38:57.241165+00:00,phone is not charging,CAUTION,CHG-001,Device not charging,False,,,,,
c11c8ef2,2026-09-29T09:38:57.243813+00:00,can I open my power bank,ESCALATE,PWR-001,Power bank fault or opening,True,Opening power banks risks puncturing lithium cells — serious fire/explosion hazard.,,,,
c8ed8a40,2026-09-29T09:38:57.251859+00:00,battery drains very fast,CAUTION,BAT-001,Fast battery drain,False,,,,,
8a584d23,2026-09-29T09:38:57.253975+00:00,screen crack touch kaam karta hai,SAFE,SCR-001,Cracked screen — touch working,False,,,,,
63c594b0,2026-09-29T09:38:57.255069+00:00,can you unlock my phone,ESCALATE,,,False,OUT_OF_SCOPE — topic not covered by this stand-in.,,,,
b32582fd,2026-09-29T09:38:57.257075+00:00,what is the weather today,ESCALATE,,,False,OUT_OF_RULES — no matching rule found for this symptom combination.,,,,
